{"cameraMode":{"drawMode":0,"name":"Shaded","section":"Shading Mode"},"sceneLighting":false,"audioPlay":false,"sceneViewState":{"showFog":false,"showMaterialUpdate":false,"showSkybox":false,"showFlares":false,"showImageEffects":false,"showParticleSystems":false},"in2DMode":false,"pivot":{"x":-2.3158676624298097,"y":0.686821699142456,"z":1.2628501653671265},"rotation":{"x":-0.20939293503761292,"y":0.11295953392982483,"z":-0.02435203082859516,"w":-0.9709798097610474},"size":1.6556696891784669,"orthographic":true}