{"cameraMode":{"drawMode":0,"name":"Shaded","section":"Shading Mode"},"sceneLighting":true,"audioPlay":false,"sceneViewState":{"showFog":false,"showMaterialUpdate":false,"showSkybox":false,"showFlares":false,"showImageEffects":false,"showParticleSystems":false},"in2DMode":false,"pivot":{"x":1.763545274734497,"y":3.314131498336792,"z":6.267816066741943},"rotation":{"x":-0.18453480303287507,"y":0.11500798165798187,"z":-0.021740278229117395,"w":-0.9758316278457642},"size":16.35873031616211,"orthographic":true}