{"cameraMode":{"drawMode":0,"name":"Shaded","section":"Shading Mode"},"sceneLighting":false,"audioPlay":false,"sceneViewState":{"showFog":false,"showMaterialUpdate":false,"showSkybox":false,"showFlares":false,"showImageEffects":false,"showParticleSystems":false},"in2DMode":false,"pivot":{"x":-1.1549999713897706,"y":1.0,"z":5.309999942779541},"rotation":{"x":-0.37387320399284365,"y":-0.030305534601211549,"z":0.012232545763254166,"w":-0.9269039034843445},"size":1.8067312240600587,"orthographic":true}