{"cameraMode":{"drawMode":0,"name":"Shaded","section":"Shading Mode"},"sceneLighting":false,"audioPlay":false,"sceneViewState":{"showFog":false,"showMaterialUpdate":false,"showSkybox":false,"showFlares":false,"showImageEffects":false,"showParticleSystems":false},"in2DMode":false,"pivot":{"x":-3.3949999809265138,"y":0.7559999823570252,"z":-1.3767662048339844},"rotation":{"x":-0.31830713152885439,"y":0.0713086724281311,"z":-0.024010566994547845,"w":-0.9449968934059143},"size":4.764042377471924,"orthographic":true}